{"cameraMode":{"drawMode":0,"name":"Shaded","section":"Shading Mode"},"sceneLighting":false,"audioPlay":false,"sceneViewState":{"m_AlwaysRefresh":false,"showFog":false,"showSkybox":false,"showFlares":false,"showImageEffects":false,"showParticleSystems":false,"showVisualEffectGraphs":true,"m_FxEnabled":true},"in2DMode":false,"pivot":{"x":0.08398419618606568,"y":0.35924017429351809,"z":-1.1907129287719727},"rotation":{"x":0.03723880276083946,"y":-0.9418413043022156,"z":0.3147362768650055,"w":0.11157041043043137},"size":1.454845905303955,"orthographic":false}