{"cameraMode":{"drawMode":0,"name":"Shaded","section":"Shading Mode"},"sceneLighting":false,"audioPlay":false,"sceneViewState":{"m_AlwaysRefresh":false,"showFog":true,"showSkybox":false,"showFlares":true,"showImageEffects":true,"showParticleSystems":true,"showVisualEffectGraphs":true,"m_FxEnabled":true},"in2DMode":false,"pivot":{"x":-0.3230980634689331,"y":1.6564466953277588,"z":-0.16160379350185395},"rotation":{"x":0.15410073101520539,"y":-0.7007942795753479,"z":0.15930218994617463,"w":0.6780460476875305},"size":1.5493769645690919,"orthographic":false}