{"cameraMode":{"drawMode":0,"name":"Shaded","section":"Shading Mode"},"sceneLighting":true,"audioPlay":false,"sceneViewState":{"m_AlwaysRefresh":false,"showFog":true,"showSkybox":true,"showFlares":true,"showImageEffects":true,"showParticleSystems":true,"showVisualEffectGraphs":true,"m_FxEnabled":true},"in2DMode":false,"pivot":{"x":-1.3318555355072022,"y":-2.883039712905884,"z":10.819137573242188},"rotation":{"x":0.18192212283611298,"y":-0.04448516294360161,"z":0.008270453661680222,"w":0.9822700023651123},"size":7.071067810058594,"orthographic":false}